[
  {"id": "aalto", "name": "Aalto"},
  {"id": "augusta", "name": "Augusta"},
  {"id": "baizhi", "name": "Baizhi"},
  {"id": "brant", "name": "Brant"},
  {"id": "carlotta", "name": "Carlotta"},
  {"id": "camellya", "name": "Camellya"},
  {"id": "cantarella", "name": "Cantarella"},
  {"id": "cartethyia", "name": "Cartethyia"},
  {"id": "changli", "name": "Changli"},
  {"id": "ciaccona", "name": "Ciaccona"},
  {"id": "chisa", "name": "Chisa"},
  {"id": "chixia", "name": "Chixia"},
  {"id": "calcharo", "name": "Calcharo"},
  {"id": "danjin", "name": "Danjin"},
  {"id": "encore", "name": "Encore"},
  {"id": "fleurdelys", "name": "Fleurdelys"},
  {"id": "galbrena", "name": "Galbrena"},
  {"id": "iuno", "name": "Iuno"},
  {"id": "jinhsi", "name": "Jinhsi"},
  {"id": "jianxin", "name": "Jianxin"},
  {"id": "jiyan", "name": "Jiyan"},
  {"id": "lumi", "name": "Lumi"},
  {"id": "lupa", "name": "Lupa"},
  {"id": "lingyang", "name": "Lingyang"},
  {"id": "mortefi", "name": "Mortefi"},
  {"id": "phoebe", "name": "Phoebe"},
  {"id": "phrolova", "name": "Phrolova"},
  {"id": "qiuyuan", "name": "Qiuyuan"},
  {"id": "roccia", "name": "Roccia"},
  {"id": "rover", "name": "Rover"},
  {"id": "shorekeeper", "name": "Shorekeeper"},
  {"id": "sanhua", "name": "Sanhua"},
  {"id": "verina", "name": "Verina"},
  {"id": "xiangliyao", "name": "Xiangliyao"},
  {"id": "yangyang", "name": "Yangyang"},
  {"id": "youhu", "name": "Youhu"},
  {"id": "yuanwu", "name": "Yuanwu"},
  {"id": "yinlin", "name": "Yinlin"},
  {"id": "zani", "name": "Zani"},
  {"id": "zhezhi", "name": "Zhezhi"}
]
