[
  {"id": "acheron", "name": "Acheron"},
  {"id": "aglaea", "name": "Aglaea"},
  {"id": "anaxa", "name": "Anaxa"},
  {"id": "archer", "name": "Archer"},
  {"id": "arlan", "name": "Arlan"},
  {"id": "asta", "name": "Asta"},
  {"id": "bailu", "name": "Bailu"},
  {"id": "blade", "name": "Blade"},
  {"id": "boothill", "name": "Boothill"},
  {"id": "bronya", "name": "Bronya"},
  {"id": "cerydra", "name": "Cerydra"},
  {"id": "castorice", "name": "Castorice"},
  {"id": "cipher", "name": "Cipher"},
  {"id": "clara", "name": "Clara"},
  {"id": "dan_heng", "name": "Dan Heng"},
  {"id": "dan_heng_il", "name": "Dan Heng - IL"},
  {"id": "dan_heng_pt", "name": "Dan Heng - PT"},
  {"id": "dr_ratio", "name": "Dr. Ratio"},
  {"id": "evernight", "name": "Evernight"},
  {"id": "feixiao", "name": "Feixiao"},
  {"id": "firefly", "name": "Firefly"},
  {"id": "fugue", "name": "Fugue"},
  {"id": "fu_xuan", "name": "Fu Xuan"},
  {"id": "gallagher", "name": "Gallagher"},
  {"id": "gepard", "name": "Gepard"},
  {"id": "guinaifen", "name": "Guinaifen"},
  {"id": "hanya", "name": "Hanya"},
  {"id": "herta", "name": "Herta"},
  {"id": "himeko", "name": "Himeko"},
  {"id": "hook", "name": "Hook"},
  {"id": "huohuo", "name": "Huohuo"},
  {"id": "hysilens", "name": "Hysilens"},
  {"id": "jade", "name": "Jade"},
  {"id": "jiaoqiu", "name": "Jiaoqiu"},
  {"id": "jing_liu", "name": "Jingliu"},
  {"id": "jing_yuan", "name": "Jing Yuan"},
  {"id": "kafka", "name": "Kafka"},
  {"id": "luka", "name": "Luka"},
  {"id": "lingsha", "name": "Lingsha"},
  {"id": "luocha", "name": "Luocha"},
  {"id": "lynx", "name": "Lynx"},
  {"id": "march_7th", "name": "March 7th"},
  {"id": "misha", "name": "Misha"},
  {"id": "moze", "name": "Moze"},
  {"id": "mydei", "name": "Mydei"},
  {"id": "natasha", "name": "Natasha"},
  {"id": "pela", "name": "Pela"},
  {"id": "phainon", "name": "Phainon"},
  {"id": "qingque", "name": "Qingque"},
  {"id": "robin", "name": "Robin"},
  {"id": "rappa", "name": "Rappa"},
  {"id": "ruan_mei", "name": "Ruan Mei"},
  {"id": "saber", "name": "Saber"},
  {"id": "sampo", "name": "Sampo"},
  {"id": "seele", "name": "Seele"},
  {"id": "serval", "name": "Serval"},
  {"id": "silver_wolf", "name": "Silver Wolf"},
  {"id": "sparkle", "name": "Sparkle"},
  {"id": "sushang", "name": "Sushang"},
  {"id": " sunday", "name": "Sunday"},
  {"id": "tingyun", "name": "Tingyun"},
  {"id": "topaz_and_numby", "name": "Topaz and Numby"},
  {"id": "tribbie", "name": "Tribbie"},
  {"id": "trailblazer", "name": "Trailblazer"},
  {"id": "the_herta", "name": "The Herta"},
  {"id": "xueyi", "name": "Xueyi"},
  {"id": "yanqing", "name": "Yanqing"},
  {"id": "yukong", "name": "Yukong"},
  {"id": "yunli", "name": "Yunli"}
]

