[
  {"id": "aino", "name": "Aino"},
  {"id": "aether", "name": "Aether"},
  {"id": "albedo", "name": "Albedo"},
  {"id": "alhaitham", "name": "Alhaitham"},
  {"id": "aloy", "name": "Aloy"},
  {"id": "amber", "name": "Amber"},
  {"id": "arataki_itto", "name": "Arataki Itto"},
  {"id": "arlecchino", "name": "Arlecchino"},
  {"id": "baizhu", "name": "Baizhu"},
  {"id": "barbara", "name": "Barbara"},
  {"id": "beidou", "name": "Beidou"},
  {"id": "bennett", "name": "Bennett"},
  {"id": "candace", "name": "Candace"},
  {"id": "charlotte", "name": "Charlotte"},
  {"id": "chasca", "name": "Chasca"},
  {"id": "chevreuse", "name": "Chevreuse"},
  {"id": "chiori", "name": "Chiori"},
  {"id": "chongyun", "name": "Chongyun"},
  {"id": "citlali", "name": "Citlali"},
  {"id": "clorinde", "name": "Clorinde"},
  {"id": "collei", "name": "Collei"},
  {"id": "columbina", "name": "Columbina"},
  {"id": "cyno", "name": "Cyno"},
  {"id": "dahlia", "name": "Dahlia"},
  {"id": "dehya", "name": "Dehya"},
  {"id": "diluc", "name": "Diluc"},
  {"id": "diona", "name": "Diona"},
  {"id": "dori", "name": "Dori"},
  {"id": "emilie", "name": "Emilie"},
  {"id": "escoffier", "name": "Escoffier"},
  {"id": "eula", "name": "Eula"},
  {"id": "faruzan", "name": "Faruzan"},
  {"id": "fischl", "name": "Fischl"},
  {"id": "flins", "name": "Flins"},
  {"id": "freminet", "name": "Freminet"},
  {"id": "furina", "name": "Furina"},
  {"id": "frostflower_dew", "name": "Frostflower Dew"},
  {"id": "gaming", "name": "Gaming"},
  {"id": "ganyu", "name": "Ganyu"},
  {"id": "gorou", "name": "Gorou"},
  {"id": "hu_tao", "name": "Hu Tao"},
  {"id": "iansan", "name": "Iansan"},
  {"id": "ifa", "name": "Ifa"},
  {"id": "ineffa", "name": "Ineffa"},
  {"id": "jean", "name": "Jean"},
  {"id": "kachina", "name": "Kachina"},
  {"id": "kaedehara_kazuha", "name": "Kaedehara Kazuha"},
  {"id": "kaeya", "name": "Kaeya"},
  {"id": "kamisato_ayaka", "name": "Kamisato Ayaka"},
  {"id": "kamisato_ayato", "name": "Kamisato Ayato"},
  {"id": "kaveh", "name": "Kaveh"},
  {"id": "keqing", "name": "Keqing"},
  {"id": "keqing_opulent", "name": "Keqing Opulent"},
  {"id": "kinich", "name": "Kinich"},
  {"id": "kirara", "name": "Kirara"},
  {"id": "kirara_phantom", "name": "Kirara Phantom"},
  {"id": "klee", "name": "Klee"},
  {"id": "klee_blossoming", "name": "Klee Blossoming"},
  {"id": "kujou_sara", "name": "Kujou Sara"},
  {"id": "kuki_shinobu", "name": "Kuki Shinobu"},
  {"id": "lan_yan", "name": "Lan Yan"},
  {"id": "lauma", "name": "Lauma"},
  {"id": "layla", "name": "Layla"},
  {"id": "lisa", "name": "Lisa"},
  {"id": "lynette", "name": "Lynette"},
  {"id": "lyney", "name": "Lyney"},
  {"id": "mavuika", "name": "Mavuika"},
  {"id": "mika", "name": "Mika"},
  {"id": "mona", "name": "Mona"},
  {"id": "mualani", "name": "Mualani"},
  {"id": "nahida", "name": "Nahida"},
  {"id": "navia", "name": "Navia"},
  {"id": "neffer", "name": "Nefer"},
  {"id": "neuvillette", "name": "Neuvillette"},
  {"id": "nilou", "name": "Nilou"},
  {"id": "nilou_breeze", "name": "Nilou Breeze"},
  {"id": "ningguang", "name": "Ningguang"},
  {"id": "ningguang_orchid", "name": "Ningguang Orchid"},
  {"id": "noelle", "name": "Noelle"},
  {"id": "ororon", "name": "Ororon"},
  {"id": "qiqi", "name": "Qiqi"},
  {"id": "raiden_shogun", "name": "Raiden Shogun"},
  {"id": "razor", "name": "Razor"},
  {"id": "rosaria", "name": "Rosaria"},
  {"id": "sangonomiya_kokomi", "name": "Sangonomiya Kokomi"},
  {"id": "sayu", "name": "Sayu"},
  {"id": "sethos", "name": "Sethos"},
  {"id": "shenhe", "name": "Shenhe"},
  {"id": "shikanoin_heizou", "name": "Shikanoin Heizou"},
  {"id": "sigewinne", "name": "Sigewinne"},
  {"id": "skirk", "name": "Skirk"},
  {"id": "sucrose", "name": "Sucrose"},
  {"id": "tartaglia", "name": "Tartaglia"},
  {"id": "thoma", "name": "Thoma"},
  {"id": "tighnari", "name": "Tighnari"},
  {"id": "venti", "name": "Venti"},
  {"id": "varesa", "name": "Varesa"},
  {"id": "wanderer", "name": "Wanderer"},
  {"id": "wriothesley", "name": "Wriothesley"},
  {"id": "xiangling", "name": "Xiangling"},
  {"id": "xianyun", "name": "Xianyun"},
  {"id": "xiao", "name": "Xiao"},
  {"id": "xilonen", "name": "Xilonen"},
  {"id": "xingqiu", "name": "Xingqiu"},
  {"id": "xinyan", "name": "Xinyan"},
  {"id": "yae_miko", "name": "Yae Miko"},
  {"id": "yanfei", "name": "Yanfei"},
  {"id": "yaoyao", "name": "Yaoyao"},
  {"id": "yelan", "name": "Yelan"},
  {"id": "yoimiya", "name": "Yoimiya"},
  {"id": "yumemizuki_mizuki", "name": "Yumemizuki Mizuki"},
  {"id": "yun_jin", "name": "Yun Jin"},
  {"id": "zhongli", "name": "Zhongli"},
  {"id": "bamboo_rain", "name": "Bamboo Rain"},
  {"id": "new_years_cheer", "name": "New Year's Cheer"},
  {"id": "tranquil_banquet", "name": "Tranquil Banquet"}
]
