[
  {"id": "a_thousand_floating_dreams", "name": "A Thousand Floating Dreams"},
  {"id": "akuoumaru", "name": "Akuoumaru"},
  {"id": "alley_hunter", "name": "Alley Hunter"},
  {"id": "amenoma_kageuchi", "name": "Amenoma Kageuchi"},
  {"id": "amos_bow", "name": "Amos' Bow"},
  {"id": "apprentices_notes", "name": "Apprentice's Notes"},
  {"id": "aqua_simulacra", "name": "Aqua Simulacra"},
  {"id": "aquila_favonia", "name": "Aquila Favonia"},
  {"id": "ballad_of_the_boundless_blue", "name": "Ballad of the Boundless Blue"},
  {"id": "ballad_of_the_fjords", "name": "Ballad of the Fjords"},
  {"id": "beacon_of_the_reed_sea", "name": "Beacon of the Reed Sea"},
  {"id": "beginners_protector", "name": "Beginner's Protector"},
  {"id": "black_tassel", "name": "Black Tassel"},
  {"id": "blackcliff_agate", "name": "Blackcliff Agate"},
  {"id": "blackcliff_longsword", "name": "Blackcliff Longsword"},
  {"id": "blackcliff_pole", "name": "Blackcliff Pole"},
  {"id": "blackcliff_slasher", "name": "Blackcliff Slasher"},
  {"id": "blackcliff_warbow", "name": "Blackcliff Warbow"},
  {"id": "bloodtainted_greatsword", "name": "Bloodtainted Greatsword"},
  {"id": "calamity_queller", "name": "Calamity Queller"},
  {"id": "cashflow_supervision", "name": "Cashflow Supervision"},
  {"id": "cinnabar_spindle", "name": "Cinnabar Spindle"},
  {"id": "compound_bow", "name": "Compound Bow"},
  {"id": "cool_steel", "name": "Cool Steel"},
  {"id": "crescent_pike", "name": "Crescent Pike"},
  {"id": "dark_iron_sword", "name": "Dark Iron Sword"},
  {"id": "deathmatch", "name": "Deathmatch"},
  {"id": "debate_club", "name": "Debate Club"},
  {"id": "dodoco_tales", "name": "Dodoco Tales"},
  {"id": "dragons_bane", "name": "Dragon's Bane"},
  {"id": "dragonspine_spear", "name": "Dragonspine Spear"},
  {"id": "dull_blade", "name": "Dull Blade"},
  {"id": "elegy_for_the_end", "name": "Elegy for the End"},
  {"id": "emerald_orb", "name": "Emerald Orb"},
  {"id": "end_of_the_line", "name": "End of the Line"},
  {"id": "engulfing_lightning", "name": "Engulfing Lightning"},
  {"id": "everlasting_moonglow", "name": "Everlasting Moonglow"},
  {"id": "eye_of_perception", "name": "Eye of Perception"},
  {"id": "fading_twilight", "name": "Fading Twilight"},
  {"id": "favonius_codex", "name": "Favonius Codex"},
  {"id": "favonius_greatsword", "name": "Favonius Greatsword"},
  {"id": "favonius_lance", "name": "Favonius Lance"},
  {"id": "favonius_sword", "name": "Favonius Sword"},
  {"id": "favonius_warbow", "name": "Favonius Warbow"},
  {"id": "ferrous_shadow", "name": "Ferrous Shadow"},
  {"id": "festering_desire", "name": "Festering Desire"},
  {"id": "fillet_blade", "name": "Fillet Blade"},
  {"id": "finale_of_the_deep", "name": "Finale of the Deep"},
  {"id": "fleuve_cendre_ferryman", "name": "Fleuve Cendre Ferryman"},
  {"id": "flowing_purity", "name": "Flowing Purity"},
  {"id": "forest_regalia", "name": "Forest Regalia"},
  {"id": "freedom_sworn", "name": "Freedom-Sworn"},
  {"id": "frostbearer", "name": "Frostbearer"},
  {"id": "fruit_of_fulfillment", "name": "Fruit of Fulfillment"},
  {"id": "hakushin_ring", "name": "Hakushin Ring"},
  {"id": "halberd", "name": "Halberd"},
  {"id": "hamayumi", "name": "Hamayumi"},
  {"id": "haran_geppaku_futsu", "name": "Haran Geppaku Futsu"},
  {"id": "harbinger_of_dawn", "name": "Harbinger of Dawn"},
  {"id": "hunters_bow", "name": "Hunter's Bow"},
  {"id": "hunters_path", "name": "Hunter's Path"},
  {"id": "iron_point", "name": "Iron Point"},
  {"id": "iron_sting", "name": "Iron Sting"},
  {"id": "jadefalls_splendor", "name": "Jadefall's Splendor"},
  {"id": "kagotsurube_isshin", "name": "Kagotsurube Isshin"},
  {"id": "kaguras_verity", "name": "Kagura's Verity"},
  {"id": "katsuragikiri_nagamasa", "name": "Katsuragikiri Nagamasa"},
  {"id": "key_of_khaj_nisut", "name": "Key of Khaj-Nisut"},
  {"id": "kings_squire", "name": "King's Squire"},
  {"id": "kitain_cross_spear", "name": "Kitain Cross Spear"},
  {"id": "light_of_foliar_incision", "name": "Light of Foliar Incision"},
  {"id": "lions_roar", "name": "Lion's Roar"},
  {"id": "lithic_blade", "name": "Lithic Blade"},
  {"id": "lithic_spear", "name": "Lithic Spear"},
  {"id": "lost_prayer_to_the_sacred_winds", "name": "Lost Prayer to the Sacred Winds"},
  {"id": "luxurious_sea_lord", "name": "Luxurious Sea-Lord"},
  {"id": "magic_guide", "name": "Magic Guide"},
  {"id": "mailed_flower", "name": "Mailed Flower"},
  {"id": "makhaira_aquamarine", "name": "Makhaira Aquamarine"},
  {"id": "mappa_mare", "name": "Mappa Mare"},
  {"id": "memory_of_dust", "name": "Memory of Dust"},
  {"id": "messenger", "name": "Messenger"},
  {"id": "missive_windspear", "name": "Missive Windspear"},
  {"id": "mistsplitter_reforged", "name": "Mistsplitter Reforged"},
  {"id": "mitternachts_waltz", "name": "Mitternachts Waltz"},
  {"id": "moonpiercer", "name": "Moonpiercer"},
  {"id": "mouuns_moon", "name": "Mouun's Moon"},
  {"id": "oathsworn_eye", "name": "Oathsworn Eye"},
  {"id": "old_mercs_pal", "name": "Old Merc's Pal"},
  {"id": "otherworldly_story", "name": "Otherworldly Story"},
  {"id": "pocket_grimoire", "name": "Pocket Grimoire"},
  {"id": "polar_star", "name": "Polar Star"},
  {"id": "portable_power_saw", "name": "Portable Power Saw"},
  {"id": "predator", "name": "Predator"},
  {"id": "primordial_jade_cutter", "name": "Primordial Jade Cutter"},
  {"id": "primordial_jade_winged_spear", "name": "Primordial Jade Winged-Spear"},
  {"id": "prospectors_drill", "name": "Prospector's Drill"},
  {"id": "prototype_amber", "name": "Prototype Amber"},
  {"id": "prototype_archaic", "name": "Prototype Archaic"},
  {"id": "prototype_crescent", "name": "Prototype Crescent"},
  {"id": "prototype_rancour", "name": "Prototype Rancour"},
  {"id": "prototype_starglitter", "name": "Prototype Starglitter"},
  {"id": "rainslasher", "name": "Rainslasher"},
  {"id": "range_gauge", "name": "Range Gauge"},
  {"id": "raven_bow", "name": "Raven Bow"},
  {"id": "recurve_bow", "name": "Recurve Bow"},
  {"id": "redhorn_stonethresher", "name": "Redhorn Stonethresher"},
  {"id": "rightful_reward", "name": "Rightful Reward"},
  {"id": "royal_bow", "name": "Royal Bow"},
  {"id": "royal_greatsword", "name": "Royal Greatsword"},
  {"id": "royal_grimoire", "name": "Royal Grimoire"},
  {"id": "royal_longsword", "name": "Royal Longsword"},
  {"id": "royal_spear", "name": "Royal Spear"},
  {"id": "rust", "name": "Rust"},
  {"id": "sacrificial_bow", "name": "Sacrificial Bow"},
  {"id": "sacrificial_fragments", "name": "Sacrificial Fragments"},
  {"id": "sacrificial_greatsword", "name": "Sacrificial Greatsword"},
  {"id": "sacrificial_jade", "name": "Sacrificial Jade"},
  {"id": "sacrificial_sword", "name": "Sacrificial Sword"},
  {"id": "sapwood_blade", "name": "Sapwood Blade"},
  {"id": "scion_of_the_blazing_sun", "name": "Scion of the Blazing Sun"},
  {"id": "seasoned_hunters_bow", "name": "Seasoned Hunter's Bow"},
  {"id": "serpent_spine", "name": "Serpent Spine"},
  {"id": "sharpshooters_oath", "name": "Sharpshooter's Oath"},
  {"id": "silver_sword", "name": "Silver Sword"},
  {"id": "skyrider_greatsword", "name": "Skyrider Greatsword"},
  {"id": "skyrider_sword", "name": "Skyrider Sword"},
  {"id": "skyward_atlas", "name": "Skyward Atlas"},
  {"id": "skyward_blade", "name": "Skyward Blade"},
  {"id": "skyward_harp", "name": "Skyward Harp"},
  {"id": "skyward_pride", "name": "Skyward Pride"},
  {"id": "skyward_spine", "name": "Skyward Spine"},
  {"id": "slingshot", "name": "Slingshot"},
  {"id": "snow_tombed_starsilver", "name": "Snow-Tombed Starsilver"},
  {"id": "solar_pearl", "name": "Solar Pearl"},
  {"id": "song_of_broken_pines", "name": "Song of Broken Pines"},
  {"id": "song_of_stillness", "name": "Song of Stillness"},
  {"id": "splendor_of_tranquil_waters", "name": "Splendor of Tranquil Waters"},
  {"id": "staff_of_homa", "name": "Staff of Homa"},
  {"id": "summit_shaper", "name": "Summit Shaper"},
  {"id": "sword_of_descension", "name": "Sword of Descension"},
  {"id": "the_alley_flash", "name": "The Alley Flash"},
  {"id": "the_bell", "name": "The Bell"},
  {"id": "the_black_sword", "name": "The Black Sword"},
  {"id": "the_catch", "name": "The Catch"},
  {"id": "the_catching_star", "name": "The Catching Star"},
  {"id": "the_flute", "name": "The Flute"},
  {"id": "the_unforged", "name": "The Unforged"},
  {"id": "the_viridescent_hunt", "name": "The Viridescent Hunt"},
  {"id": "the_widsith", "name": "The Widsith"},
  {"id": "thrilling_tales_of_dragon_slayers", "name": "Thrilling Tales of Dragon Slayers"},
  {"id": "tomo_no_ue", "name": "Tomo no Ue"},
  {"id": "twin_nephrite", "name": "Twin Nephrite"},
  {"id": "tulaytullahs_remembrance", "name": "Tulaytullah's Remembrance"},
  {"id": "vortex_vanquisher", "name": "Vortex Vanquisher"},
  {"id": "wavebreakers_fin", "name": "Wavebreaker's Fin"},
  {"id": "waster_greatsword", "name": "Waster Greatsword"},
  {"id": "white_tassel", "name": "White Tassel"},
  {"id": "whiteblind", "name": "Whiteblind"},
  {"id": "wine_and_song", "name": "Wine and Song"},
  {"id": "xiphos_moonlight", "name": "Xiphos' Moonlight"},
  {"id": "yakshas_claw", "name": "Yaksha's Claw"},
  {"id": "yearning_shadow", "name": "Yearning Shadow"}
]
